x,y,diameter,name
160,103,43.19838,Happy
372,137,52.42526,Sad
273,235,61.14072,Joyous
121,179,44.758068,Melancholy
275.0,104.0,40.01661,Blah
522.0,56.0,51.754726,Blah
446.0,233.0,57.219086,Blah
